,X,Y,nom_lieu,insee,com_lieu,Type,Type_détaillé,geometry,0
0,2.3155634,48.8653473997257,AKRAM,75056,Paris,carpool,Aire de covoiturage,POINT (2.3155634 48.8653473997257),12389
0,2.3155634,48.8653473997257,AKRAM,75056,Paris,carpool,Aire de covoiturage,POINT (2.3155634 48.8653473997257),12514
0,2.3155634,48.8653473997257,AKRAM,75056,Paris,carpool,Aire de covoiturage,POINT (2.3155634 48.8653473997257),12515
0,2.3155634,48.8653473997257,AKRAM,75056,Paris,carpool,Aire de covoiturage,POINT (2.3155634 48.8653473997257),12641
1,2.8239211,48.8476068997301,Bailly-Romainvilliers Mairie,77018,Bailly-Romainvilliers,carpool,Aire de covoiturage,POINT (2.8239211 48.8476068997301),19572
1,2.8239211,48.8476068997301,Bailly-Romainvilliers Mairie,77018,Bailly-Romainvilliers,carpool,Aire de covoiturage,POINT (2.8239211 48.8476068997301),19573
1,2.8239211,48.8476068997301,Bailly-Romainvilliers Mairie,77018,Bailly-Romainvilliers,carpool,Aire de covoiturage,POINT (2.8239211 48.8476068997301),19698
1,2.8239211,48.8476068997301,Bailly-Romainvilliers Mairie,77018,Bailly-Romainvilliers,carpool,Aire de covoiturage,POINT (2.8239211 48.8476068997301),19699
1,2.8239211,48.8476068997301,Bailly-Romainvilliers Mairie,77018,Bailly-Romainvilliers,carpool,Aire de covoiturage,POINT (2.8239211 48.8476068997301),19825
2,2.9205881,48.9120337997141,Boutigny,77049,Boutigny,carpool,Aire de covoiturage,POINT (2.9205881 48.9120337997141),20826
2,2.9205881,48.9120337997141,Boutigny,77049,Boutigny,carpool,Aire de covoiturage,POINT (2.9205881 48.9120337997141),20951
2,2.9205881,48.9120337997141,Boutigny,77049,Boutigny,carpool,Aire de covoiturage,POINT (2.9205881 48.9120337997141),20952
2,2.9205881,48.9120337997141,Boutigny,77049,Boutigny,carpool,Aire de covoiturage,POINT (2.9205881 48.9120337997141),21077
2,2.9205881,48.9120337997141,Boutigny,77049,Boutigny,carpool,Aire de covoiturage,POINT (2.9205881 48.9120337997141),21078
3,2.7087009,48.8371614997327,Bussy RER,77058,Bussy-Saint-Georges,carpool,Aire de covoiturage,POINT (2.7087009 48.8371614997327),17936
3,2.7087009,48.8371614997327,Bussy RER,77058,Bussy-Saint-Georges,carpool,Aire de covoiturage,POINT (2.7087009 48.8371614997327),18061
3,2.7087009,48.8371614997327,Bussy RER,77058,Bussy-Saint-Georges,carpool,Aire de covoiturage,POINT (2.7087009 48.8371614997327),18062
3,2.7087009,48.8371614997327,Bussy RER,77058,Bussy-Saint-Georges,carpool,Aire de covoiturage,POINT (2.7087009 48.8371614997327),18188
4,2.7079749,48.8390570997322,Conservatoire Bach,77058,Bussy-Saint-Georges,carpool,Aire de covoiturage,POINT (2.7079749 48.8390570997322),17935
4,2.7079749,48.8390570997322,Conservatoire Bach,77058,Bussy-Saint-Georges,carpool,Aire de covoiturage,POINT (2.7079749 48.8390570997322),17936
4,2.7079749,48.8390570997322,Conservatoire Bach,77058,Bussy-Saint-Georges,carpool,Aire de covoiturage,POINT (2.7079749 48.8390570997322),18061
4,2.7079749,48.8390570997322,Conservatoire Bach,77058,Bussy-Saint-Georges,carpool,Aire de covoiturage,POINT (2.7079749 48.8390570997322),18062
4,2.7079749,48.8390570997322,Conservatoire Bach,77058,Bussy-Saint-Georges,carpool,Aire de covoiturage,POINT (2.7079749 48.8390570997322),18188
5,2.7241316,48.8308332997343,ZAE Gustave Eiffel,77058,Bussy-Saint-Georges,carpool,Aire de covoiturage,POINT (2.7241316 48.8308332997343),18188
5,2.7241316,48.8308332997343,ZAE Gustave Eiffel,77058,Bussy-Saint-Georges,carpool,Aire de covoiturage,POINT (2.7241316 48.8308332997343),18189
5,2.7241316,48.8308332997343,ZAE Gustave Eiffel,77058,Bussy-Saint-Georges,carpool,Aire de covoiturage,POINT (2.7241316 48.8308332997343),18314
5,2.7241316,48.8308332997343,ZAE Gustave Eiffel,77058,Bussy-Saint-Georges,carpool,Aire de covoiturage,POINT (2.7241316 48.8308332997343),18315
6,2.6998031,48.8339044997335,ZAE Léonard de Vinci,77058,Bussy-Saint-Georges,carpool,Aire de covoiturage,POINT (2.6998031 48.8339044997335),17810
6,2.6998031,48.8339044997335,ZAE Léonard de Vinci,77058,Bussy-Saint-Georges,carpool,Aire de covoiturage,POINT (2.6998031 48.8339044997335),17811
6,2.6998031,48.8339044997335,ZAE Léonard de Vinci,77058,Bussy-Saint-Georges,carpool,Aire de covoiturage,POINT (2.6998031 48.8339044997335),17936
6,2.6998031,48.8339044997335,ZAE Léonard de Vinci,77058,Bussy-Saint-Georges,carpool,Aire de covoiturage,POINT (2.6998031 48.8339044997335),17937
6,2.6998031,48.8339044997335,ZAE Léonard de Vinci,77058,Bussy-Saint-Georges,carpool,Aire de covoiturage,POINT (2.6998031 48.8339044997335),18062
7,2.7192286,48.8392380997322,Lycée Martin Luther King,77058,Bussy-Saint-Georges,carpool,Aire de covoiturage,POINT (2.7192286 48.8392380997322),18061
7,2.7192286,48.8392380997322,Lycée Martin Luther King,77058,Bussy-Saint-Georges,carpool,Aire de covoiturage,POINT (2.7192286 48.8392380997322),18062
7,2.7192286,48.8392380997322,Lycée Martin Luther King,77058,Bussy-Saint-Georges,carpool,Aire de covoiturage,POINT (2.7192286 48.8392380997322),18187
7,2.7192286,48.8392380997322,Lycée Martin Luther King,77058,Bussy-Saint-Georges,carpool,Aire de covoiturage,POINT (2.7192286 48.8392380997322),18188
7,2.7192286,48.8392380997322,Lycée Martin Luther King,77058,Bussy-Saint-Georges,carpool,Aire de covoiturage,POINT (2.7192286 48.8392380997322),18314
8,2.737388,48.8446461997309,Collège Claude Monet,77058,Bussy-Saint-Georges,carpool,Aire de covoiturage,POINT (2.737388 48.8446461997309),18313
8,2.737388,48.8446461997309,Collège Claude Monet,77058,Bussy-Saint-Georges,carpool,Aire de covoiturage,POINT (2.737388 48.8446461997309),18439
8,2.737388,48.8446461997309,Collège Claude Monet,77058,Bussy-Saint-Georges,carpool,Aire de covoiturage,POINT (2.737388 48.8446461997309),18440
8,2.737388,48.8446461997309,Collège Claude Monet,77058,Bussy-Saint-Georges,carpool,Aire de covoiturage,POINT (2.737388 48.8446461997309),18565
9,2.7061826,48.8991806997173,Carnetin - Mairie,77062,Carnetin,carpool,Aire de covoiturage,POINT (2.7061826 48.8991806997173),17803
9,2.7061826,48.8991806997173,Carnetin - Mairie,77062,Carnetin,carpool,Aire de covoiturage,POINT (2.7061826 48.8991806997173),17929
9,2.7061826,48.8991806997173,Carnetin - Mairie,77062,Carnetin,carpool,Aire de covoiturage,POINT (2.7061826 48.8991806997173),17930
9,2.7061826,48.8991806997173,Carnetin - Mairie,77062,Carnetin,carpool,Aire de covoiturage,POINT (2.7061826 48.8991806997173),18055
9,2.7061826,48.8991806997173,Carnetin - Mairie,77062,Carnetin,carpool,Aire de covoiturage,POINT (2.7061826 48.8991806997173),18056
10,2.5217942,48.4572162998267,Parking covoiturage de Cély-en-Bière,77065,Cély,carpool,Aire de covoiturage,POINT (2.5217942 48.4572162998267),15332
10,2.5217942,48.4572162998267,Parking covoiturage de Cély-en-Bière,77065,Cély,carpool,Aire de covoiturage,POINT (2.5217942 48.4572162998267),15333
10,2.5217942,48.4572162998267,Parking covoiturage de Cély-en-Bière,77065,Cély,carpool,Aire de covoiturage,POINT (2.5217942 48.4572162998267),15458
10,2.5217942,48.4572162998267,Parking covoiturage de Cély-en-Bière,77065,Cély,carpool,Aire de covoiturage,POINT (2.5217942 48.4572162998267),15459
10,2.5217942,48.4572162998267,Parking covoiturage de Cély-en-Bière,77065,Cély,carpool,Aire de covoiturage,POINT (2.5217942 48.4572162998267),15584
11,2.5860124,48.8425012997314,Bienvenüe,77083,Champs-sur-Marne,carpool,Aire de covoiturage,POINT (2.5860124 48.8425012997314),16171
11,2.5860124,48.8425012997314,Bienvenüe,77083,Champs-sur-Marne,carpool,Aire de covoiturage,POINT (2.5860124 48.8425012997314),16172
11,2.5860124,48.8425012997314,Bienvenüe,77083,Champs-sur-Marne,carpool,Aire de covoiturage,POINT (2.5860124 48.8425012997314),16297
11,2.5860124,48.8425012997314,Bienvenüe,77083,Champs-sur-Marne,carpool,Aire de covoiturage,POINT (2.5860124 48.8425012997314),16298
11,2.5860124,48.8425012997314,Bienvenüe,77083,Champs-sur-Marne,carpool,Aire de covoiturage,POINT (2.5860124 48.8425012997314),16423
11,2.5860124,48.8425012997314,Bienvenüe,77083,Champs-sur-Marne,carpool,Aire de covoiturage,POINT (2.5860124 48.8425012997314),16424
12,2.5858232,48.8387931997323,Copernic,77083,Champs-sur-Marne,carpool,Aire de covoiturage,POINT (2.5858232 48.8387931997323),16172
12,2.5858232,48.8387931997323,Copernic,77083,Champs-sur-Marne,carpool,Aire de covoiturage,POINT (2.5858232 48.8387931997323),16297
12,2.5858232,48.8387931997323,Copernic,77083,Champs-sur-Marne,carpool,Aire de covoiturage,POINT (2.5858232 48.8387931997323),16298
12,2.5858232,48.8387931997323,Copernic,77083,Champs-sur-Marne,carpool,Aire de covoiturage,POINT (2.5858232 48.8387931997323),16424
13,2.5895683,48.8352054997332,Einstein,77083,Champs-sur-Marne,carpool,Aire de covoiturage,POINT (2.5895683 48.8352054997332),16172
13,2.5895683,48.8352054997332,Einstein,77083,Champs-sur-Marne,carpool,Aire de covoiturage,POINT (2.5895683 48.8352054997332),16298
13,2.5895683,48.8352054997332,Einstein,77083,Champs-sur-Marne,carpool,Aire de covoiturage,POINT (2.5895683 48.8352054997332),16299
13,2.5895683,48.8352054997332,Einstein,77083,Champs-sur-Marne,carpool,Aire de covoiturage,POINT (2.5895683 48.8352054997332),16424
13,2.5895683,48.8352054997332,Einstein,77083,Champs-sur-Marne,carpool,Aire de covoiturage,POINT (2.5895683 48.8352054997332),16425
14,2.5929029,48.8375776997326,Galilée - Bois de l'Étang,77083,Champs-sur-Marne,carpool,Aire de covoiturage,POINT (2.5929029 48.8375776997326),16298
14,2.5929029,48.8375776997326,Galilée - Bois de l'Étang,77083,Champs-sur-Marne,carpool,Aire de covoiturage,POINT (2.5929029 48.8375776997326),16423
14,2.5929029,48.8375776997326,Galilée - Bois de l'Étang,77083,Champs-sur-Marne,carpool,Aire de covoiturage,POINT (2.5929029 48.8375776997326),16424
14,2.5929029,48.8375776997326,Galilée - Bois de l'Étang,77083,Champs-sur-Marne,carpool,Aire de covoiturage,POINT (2.5929029 48.8375776997326),16550
15,2.5912731,48.8555008997282,CSTB,77083,Champs-sur-Marne,carpool,Aire de covoiturage,POINT (2.5912731 48.8555008997282),16296
15,2.5912731,48.8555008997282,CSTB,77083,Champs-sur-Marne,carpool,Aire de covoiturage,POINT (2.5912731 48.8555008997282),16421
15,2.5912731,48.8555008997282,CSTB,77083,Champs-sur-Marne,carpool,Aire de covoiturage,POINT (2.5912731 48.8555008997282),16422
15,2.5912731,48.8555008997282,CSTB,77083,Champs-sur-Marne,carpool,Aire de covoiturage,POINT (2.5912731 48.8555008997282),16548
16,2.7433644,48.8558337997281,ZAE des Gassets,77085,Chanteloup-en-Brie,carpool,Aire de covoiturage,POINT (2.7433644 48.8558337997281),18437
16,2.7433644,48.8558337997281,ZAE des Gassets,77085,Chanteloup-en-Brie,carpool,Aire de covoiturage,POINT (2.7433644 48.8558337997281),18438
16,2.7433644,48.8558337997281,ZAE des Gassets,77085,Chanteloup-en-Brie,carpool,Aire de covoiturage,POINT (2.7433644 48.8558337997281),18563
16,2.7433644,48.8558337997281,ZAE des Gassets,77085,Chanteloup-en-Brie,carpool,Aire de covoiturage,POINT (2.7433644 48.8558337997281),18564
16,2.7433644,48.8558337997281,ZAE des Gassets,77085,Chanteloup-en-Brie,carpool,Aire de covoiturage,POINT (2.7433644 48.8558337997281),18690
17,2.771648,48.8546973997284,Montévrain RER,77111,Chessy,carpool,Aire de covoiturage,POINT (2.771648 48.8546973997284),18816
17,2.771648,48.8546973997284,Montévrain RER,77111,Chessy,carpool,Aire de covoiturage,POINT (2.771648 48.8546973997284),18942
17,2.771648,48.8546973997284,Montévrain RER,77111,Chessy,carpool,Aire de covoiturage,POINT (2.771648 48.8546973997284),18943
17,2.771648,48.8546973997284,Montévrain RER,77111,Chessy,carpool,Aire de covoiturage,POINT (2.771648 48.8546973997284),19068
18,2.7661843,48.8797057997222,Chessy Centre,77111,Chessy,carpool,Aire de covoiturage,POINT (2.7661843 48.8797057997222),18687
18,2.7661843,48.8797057997222,Chessy Centre,77111,Chessy,carpool,Aire de covoiturage,POINT (2.7661843 48.8797057997222),18813
18,2.7661843,48.8797057997222,Chessy Centre,77111,Chessy,carpool,Aire de covoiturage,POINT (2.7661843 48.8797057997222),18814
18,2.7661843,48.8797057997222,Chessy Centre,77111,Chessy,carpool,Aire de covoiturage,POINT (2.7661843 48.8797057997222),18939
18,2.7661843,48.8797057997222,Chessy Centre,77111,Chessy,carpool,Aire de covoiturage,POINT (2.7661843 48.8797057997222),18940
19,2.7837187,48.8717158997241,Missing,77111,Chessy,carpool,Aire de covoiturage,POINT (2.7837187 48.8717158997241),18940
19,2.7837187,48.8717158997241,Missing,77111,Chessy,carpool,Aire de covoiturage,POINT (2.7837187 48.8717158997241),19066
19,2.7837187,48.8717158997241,Missing,77111,Chessy,carpool,Aire de covoiturage,POINT (2.7837187 48.8717158997241),19067
19,2.7837187,48.8717158997241,Missing,77111,Chessy,carpool,Aire de covoiturage,POINT (2.7837187 48.8717158997241),19192
20,2.6777077,48.8259328997355,ZAE de Lamirault,77121,Collégien,carpool,Aire de covoiturage,POINT (2.6777077 48.8259328997355),17433
20,2.6777077,48.8259328997355,ZAE de Lamirault,77121,Collégien,carpool,Aire de covoiturage,POINT (2.6777077 48.8259328997355),17559
20,2.6777077,48.8259328997355,ZAE de Lamirault,77121,Collégien,carpool,Aire de covoiturage,POINT (2.6777077 48.8259328997355),17560
20,2.6777077,48.8259328997355,ZAE de Lamirault,77121,Collégien,carpool,Aire de covoiturage,POINT (2.6777077 48.8259328997355),17685
20,2.6777077,48.8259328997355,ZAE de Lamirault,77121,Collégien,carpool,Aire de covoiturage,POINT (2.6777077 48.8259328997355),17686
21,2.6792838,48.8284518997349,ZAE des Portes de la Forêt,77121,Collégien,carpool,Aire de covoiturage,POINT (2.6792838 48.8284518997349),17433
21,2.6792838,48.8284518997349,ZAE des Portes de la Forêt,77121,Collégien,carpool,Aire de covoiturage,POINT (2.6792838 48.8284518997349),17558
21,2.6792838,48.8284518997349,ZAE des Portes de la Forêt,77121,Collégien,carpool,Aire de covoiturage,POINT (2.6792838 48.8284518997349),17559
21,2.6792838,48.8284518997349,ZAE des Portes de la Forêt,77121,Collégien,carpool,Aire de covoiturage,POINT (2.6792838 48.8284518997349),17685
22,2.6483557,48.8270207997352,Lions de Beaubourg,77146,Croissy-Beaubourg,carpool,Aire de covoiturage,POINT (2.6483557 48.8270207997352),17055
22,2.6483557,48.8270207997352,Lions de Beaubourg,77146,Croissy-Beaubourg,carpool,Aire de covoiturage,POINT (2.6483557 48.8270207997352),17181
22,2.6483557,48.8270207997352,Lions de Beaubourg,77146,Croissy-Beaubourg,carpool,Aire de covoiturage,POINT (2.6483557 48.8270207997352),17182
22,2.6483557,48.8270207997352,Lions de Beaubourg,77146,Croissy-Beaubourg,carpool,Aire de covoiturage,POINT (2.6483557 48.8270207997352),17307
23,2.6446388,48.8214655997366,Parc de Beaubourg,77146,Croissy-Beaubourg,carpool,Aire de covoiturage,POINT (2.6446388 48.8214655997366),17055
23,2.6446388,48.8214655997366,Parc de Beaubourg,77146,Croissy-Beaubourg,carpool,Aire de covoiturage,POINT (2.6446388 48.8214655997366),17056
23,2.6446388,48.8214655997366,Parc de Beaubourg,77146,Croissy-Beaubourg,carpool,Aire de covoiturage,POINT (2.6446388 48.8214655997366),17181
23,2.6446388,48.8214655997366,Parc de Beaubourg,77146,Croissy-Beaubourg,carpool,Aire de covoiturage,POINT (2.6446388 48.8214655997366),17182
23,2.6446388,48.8214655997366,Parc de Beaubourg,77146,Croissy-Beaubourg,carpool,Aire de covoiturage,POINT (2.6446388 48.8214655997366),17308
24,3.1583065,49.0138408996889,A4 - Dhuisy,77157,Dhuisy,carpool,Aire de covoiturage,POINT (3.1583065 49.0138408996889),24216
24,3.1583065,49.0138408996889,A4 - Dhuisy,77157,Dhuisy,carpool,Aire de covoiturage,POINT (3.1583065 49.0138408996889),24217
24,3.1583065,49.0138408996889,A4 - Dhuisy,77157,Dhuisy,carpool,Aire de covoiturage,POINT (3.1583065 49.0138408996889),24342
24,3.1583065,49.0138408996889,A4 - Dhuisy,77157,Dhuisy,carpool,Aire de covoiturage,POINT (3.1583065 49.0138408996889),24343
24,3.1583065,49.0138408996889,A4 - Dhuisy,77157,Dhuisy,carpool,Aire de covoiturage,POINT (3.1583065 49.0138408996889),24468
25,2.8607794,48.5041950998151,Missing,77165,Les Écrennes,carpool,Aire de covoiturage,POINT (2.8607794 48.5041950998151),20115
25,2.8607794,48.5041950998151,Missing,77165,Les Écrennes,carpool,Aire de covoiturage,POINT (2.8607794 48.5041950998151),20241
25,2.8607794,48.5041950998151,Missing,77165,Les Écrennes,carpool,Aire de covoiturage,POINT (2.8607794 48.5041950998151),20242
25,2.8607794,48.5041950998151,Missing,77165,Les Écrennes,carpool,Aire de covoiturage,POINT (2.8607794 48.5041950998151),20367
26,2.6181186,48.8067829997402,Émerainville RER,77169,Émerainville,carpool,Aire de covoiturage,POINT (2.6181186 48.8067829997402),16679
26,2.6181186,48.8067829997402,Émerainville RER,77169,Émerainville,carpool,Aire de covoiturage,POINT (2.6181186 48.8067829997402),16680
26,2.6181186,48.8067829997402,Émerainville RER,77169,Émerainville,carpool,Aire de covoiturage,POINT (2.6181186 48.8067829997402),16805
26,2.6181186,48.8067829997402,Émerainville RER,77169,Émerainville,carpool,Aire de covoiturage,POINT (2.6181186 48.8067829997402),16806
26,2.6181186,48.8067829997402,Émerainville RER,77169,Émerainville,carpool,Aire de covoiturage,POINT (2.6181186 48.8067829997402),16931
27,2.6219398,48.811574299739,Émerainville - Mairie,77169,Émerainville,carpool,Aire de covoiturage,POINT (2.6219398 48.811574299739),16679
27,2.6219398,48.811574299739,Émerainville - Mairie,77169,Émerainville,carpool,Aire de covoiturage,POINT (2.6219398 48.811574299739),16804
27,2.6219398,48.811574299739,Émerainville - Mairie,77169,Émerainville,carpool,Aire de covoiturage,POINT (2.6219398 48.811574299739),16805
27,2.6219398,48.811574299739,Émerainville - Mairie,77169,Émerainville,carpool,Aire de covoiturage,POINT (2.6219398 48.811574299739),16931
28,2.9874106,48.835936399733,Saint Blandin,77219,Guérard,carpool,Aire de covoiturage,POINT (2.9874106 48.835936399733),21842
28,2.9874106,48.835936399733,Saint Blandin,77219,Guérard,carpool,Aire de covoiturage,POINT (2.9874106 48.835936399733),21968
28,2.9874106,48.835936399733,Saint Blandin,77219,Guérard,carpool,Aire de covoiturage,POINT (2.9874106 48.835936399733),21969
28,2.9874106,48.835936399733,Saint Blandin,77219,Guérard,carpool,Aire de covoiturage,POINT (2.9874106 48.835936399733),22094
29,2.7154925,48.852080699729,Clos Charon,77221,Guermantes,carpool,Aire de covoiturage,POINT (2.7154925 48.852080699729),18060
29,2.7154925,48.852080699729,Clos Charon,77221,Guermantes,carpool,Aire de covoiturage,POINT (2.7154925 48.852080699729),18061
29,2.7154925,48.852080699729,Clos Charon,77221,Guermantes,carpool,Aire de covoiturage,POINT (2.7154925 48.852080699729),18186
29,2.7154925,48.852080699729,Clos Charon,77221,Guermantes,carpool,Aire de covoiturage,POINT (2.7154925 48.852080699729),18187
30,2.7344175,48.9143740997136,Base de Loisirs de Jablines,77234,Jablines,carpool,Aire de covoiturage,POINT (2.7344175 48.9143740997136),18305
30,2.7344175,48.9143740997136,Base de Loisirs de Jablines,77234,Jablines,carpool,Aire de covoiturage,POINT (2.7344175 48.9143740997136),18306
30,2.7344175,48.9143740997136,Base de Loisirs de Jablines,77234,Jablines,carpool,Aire de covoiturage,POINT (2.7344175 48.9143740997136),18431
30,2.7344175,48.9143740997136,Base de Loisirs de Jablines,77234,Jablines,carpool,Aire de covoiturage,POINT (2.7344175 48.9143740997136),18432
30,2.7344175,48.9143740997136,Base de Loisirs de Jablines,77234,Jablines,carpool,Aire de covoiturage,POINT (2.7344175 48.9143740997136),18557
31,2.7690791,48.8502800997295,Hôpital Jossigny,77237,Jossigny,carpool,Aire de covoiturage,POINT (2.7690791 48.8502800997295),18816
31,2.7690791,48.8502800997295,Hôpital Jossigny,77237,Jossigny,carpool,Aire de covoiturage,POINT (2.7690791 48.8502800997295),18817
31,2.7690791,48.8502800997295,Hôpital Jossigny,77237,Jossigny,carpool,Aire de covoiturage,POINT (2.7690791 48.8502800997295),18942
31,2.7690791,48.8502800997295,Hôpital Jossigny,77237,Jossigny,carpool,Aire de covoiturage,POINT (2.7690791 48.8502800997295),18943
32,2.7538647,48.8379833997325,Jossigny Centre,77237,Jossigny,carpool,Aire de covoiturage,POINT (2.7538647 48.8379833997325),18566
32,2.7538647,48.8379833997325,Jossigny Centre,77237,Jossigny,carpool,Aire de covoiturage,POINT (2.7538647 48.8379833997325),18691
32,2.7538647,48.8379833997325,Jossigny Centre,77237,Jossigny,carpool,Aire de covoiturage,POINT (2.7538647 48.8379833997325),18692
32,2.7538647,48.8379833997325,Jossigny Centre,77237,Jossigny,carpool,Aire de covoiturage,POINT (2.7538647 48.8379833997325),18818
33,2.7218763,48.8744051997235,Orly Parc,77243,Lagny-sur-Marne,carpool,Aire de covoiturage,POINT (2.7218763 48.8744051997235),18058
33,2.7218763,48.8744051997235,Orly Parc,77243,Lagny-sur-Marne,carpool,Aire de covoiturage,POINT (2.7218763 48.8744051997235),18183
33,2.7218763,48.8744051997235,Orly Parc,77243,Lagny-sur-Marne,carpool,Aire de covoiturage,POINT (2.7218763 48.8744051997235),18184
33,2.7218763,48.8744051997235,Orly Parc,77243,Lagny-sur-Marne,carpool,Aire de covoiturage,POINT (2.7218763 48.8744051997235),18309
33,2.7218763,48.8744051997235,Orly Parc,77243,Lagny-sur-Marne,carpool,Aire de covoiturage,POINT (2.7218763 48.8744051997235),18310
34,2.7196933,48.8668796997253,Lycée Van Dongen,77243,Lagny-sur-Marne,carpool,Aire de covoiturage,POINT (2.7196933 48.8668796997253),18058
34,2.7196933,48.8668796997253,Lycée Van Dongen,77243,Lagny-sur-Marne,carpool,Aire de covoiturage,POINT (2.7196933 48.8668796997253),18059
34,2.7196933,48.8668796997253,Lycée Van Dongen,77243,Lagny-sur-Marne,carpool,Aire de covoiturage,POINT (2.7196933 48.8668796997253),18184
34,2.7196933,48.8668796997253,Lycée Van Dongen,77243,Lagny-sur-Marne,carpool,Aire de covoiturage,POINT (2.7196933 48.8668796997253),18185
34,2.7196933,48.8668796997253,Lycée Van Dongen,77243,Lagny-sur-Marne,carpool,Aire de covoiturage,POINT (2.7196933 48.8668796997253),18310
34,2.7196933,48.8668796997253,Lycée Van Dongen,77243,Lagny-sur-Marne,carpool,Aire de covoiturage,POINT (2.7196933 48.8668796997253),18311
35,2.7073947,48.8671101997253,Collège des Quatre Arpents,77243,Lagny-sur-Marne,carpool,Aire de covoiturage,POINT (2.7073947 48.8671101997253),17932
35,2.7073947,48.8671101997253,Collège des Quatre Arpents,77243,Lagny-sur-Marne,carpool,Aire de covoiturage,POINT (2.7073947 48.8671101997253),17933
35,2.7073947,48.8671101997253,Collège des Quatre Arpents,77243,Lagny-sur-Marne,carpool,Aire de covoiturage,POINT (2.7073947 48.8671101997253),18058
35,2.7073947,48.8671101997253,Collège des Quatre Arpents,77243,Lagny-sur-Marne,carpool,Aire de covoiturage,POINT (2.7073947 48.8671101997253),18059
35,2.7073947,48.8671101997253,Collège des Quatre Arpents,77243,Lagny-sur-Marne,carpool,Aire de covoiturage,POINT (2.7073947 48.8671101997253),18185
36,2.7059037,48.8771801997228,Lagny Centre,77243,Lagny-sur-Marne,carpool,Aire de covoiturage,POINT (2.7059037 48.8771801997228),17931
36,2.7059037,48.8771801997228,Lagny Centre,77243,Lagny-sur-Marne,carpool,Aire de covoiturage,POINT (2.7059037 48.8771801997228),17932
36,2.7059037,48.8771801997228,Lagny Centre,77243,Lagny-sur-Marne,carpool,Aire de covoiturage,POINT (2.7059037 48.8771801997228),18057
36,2.7059037,48.8771801997228,Lagny Centre,77243,Lagny-sur-Marne,carpool,Aire de covoiturage,POINT (2.7059037 48.8771801997228),18058
37,2.6145708,48.747402399755,Lesigny,77249,Lésigny,carpool,Aire de covoiturage,POINT (2.6145708 48.747402399755),16560
37,2.6145708,48.747402399755,Lesigny,77249,Lésigny,carpool,Aire de covoiturage,POINT (2.6145708 48.747402399755),16685
37,2.6145708,48.747402399755,Lesigny,77249,Lésigny,carpool,Aire de covoiturage,POINT (2.6145708 48.747402399755),16686
37,2.6145708,48.747402399755,Lesigny,77249,Lésigny,carpool,Aire de covoiturage,POINT (2.6145708 48.747402399755),16812
38,2.6258951,48.8252936997357,Pariest Courcerin,77258,Lognes,carpool,Aire de covoiturage,POINT (2.6258951 48.8252936997357),16803
38,2.6258951,48.8252936997357,Pariest Courcerin,77258,Lognes,carpool,Aire de covoiturage,POINT (2.6258951 48.8252936997357),16804
38,2.6258951,48.8252936997357,Pariest Courcerin,77258,Lognes,carpool,Aire de covoiturage,POINT (2.6258951 48.8252936997357),16929
38,2.6258951,48.8252936997357,Pariest Courcerin,77258,Lognes,carpool,Aire de covoiturage,POINT (2.6258951 48.8252936997357),16930
39,2.6384602,48.8332194997337,Missing,77258,Lognes,carpool,Aire de covoiturage,POINT (2.6384602 48.8332194997337),16928
39,2.6384602,48.8332194997337,Missing,77258,Lognes,carpool,Aire de covoiturage,POINT (2.6384602 48.8332194997337),16929
39,2.6384602,48.8332194997337,Missing,77258,Lognes,carpool,Aire de covoiturage,POINT (2.6384602 48.8332194997337),17054
39,2.6384602,48.8332194997337,Missing,77258,Lognes,carpool,Aire de covoiturage,POINT (2.6384602 48.8332194997337),17055
39,2.6384602,48.8332194997337,Missing,77258,Lognes,carpool,Aire de covoiturage,POINT (2.6384602 48.8332194997337),17180
39,2.6384602,48.8332194997337,Missing,77258,Lognes,carpool,Aire de covoiturage,POINT (2.6384602 48.8332194997337),17181
40,2.8139073,48.8663709997255,Magny le Hongre - Mairie,77268,Magny-le-Hongre,carpool,Aire de covoiturage,POINT (2.8139073 48.8663709997255),19319
40,2.8139073,48.8663709997255,Magny le Hongre - Mairie,77268,Magny-le-Hongre,carpool,Aire de covoiturage,POINT (2.8139073 48.8663709997255),19444
40,2.8139073,48.8663709997255,Magny le Hongre - Mairie,77268,Magny-le-Hongre,carpool,Aire de covoiturage,POINT (2.8139073 48.8663709997255),19445
40,2.8139073,48.8663709997255,Magny le Hongre - Mairie,77268,Magny-le-Hongre,carpool,Aire de covoiturage,POINT (2.8139073 48.8663709997255),19570
40,2.8139073,48.8663709997255,Magny le Hongre - Mairie,77268,Magny-le-Hongre,carpool,Aire de covoiturage,POINT (2.8139073 48.8663709997255),19571
41,2.8147128,48.8677190997251,Magny le Hongre - Clé des Champs,77268,Magny-le-Hongre,carpool,Aire de covoiturage,POINT (2.8147128 48.8677190997251),19444
41,2.8147128,48.8677190997251,Magny le Hongre - Clé des Champs,77268,Magny-le-Hongre,carpool,Aire de covoiturage,POINT (2.8147128 48.8677190997251),19445
41,2.8147128,48.8677190997251,Magny le Hongre - Clé des Champs,77268,Magny-le-Hongre,carpool,Aire de covoiturage,POINT (2.8147128 48.8677190997251),19570
41,2.8147128,48.8677190997251,Magny le Hongre - Clé des Champs,77268,Magny-le-Hongre,carpool,Aire de covoiturage,POINT (2.8147128 48.8677190997251),19571
42,3.0184446,48.3832336998449,Marolles-sur-Seine,77279,Marolles-sur-Seine,carpool,Aire de covoiturage,POINT (3.0184446 48.3832336998449),22270
42,3.0184446,48.3832336998449,Marolles-sur-Seine,77279,Marolles-sur-Seine,carpool,Aire de covoiturage,POINT (3.0184446 48.3832336998449),22271
42,3.0184446,48.3832336998449,Marolles-sur-Seine,77279,Marolles-sur-Seine,carpool,Aire de covoiturage,POINT (3.0184446 48.3832336998449),22396
42,3.0184446,48.3832336998449,Marolles-sur-Seine,77279,Marolles-sur-Seine,carpool,Aire de covoiturage,POINT (3.0184446 48.3832336998449),22397
42,3.0184446,48.3832336998449,Marolles-sur-Seine,77279,Marolles-sur-Seine,carpool,Aire de covoiturage,POINT (3.0184446 48.3832336998449),22522
42,3.0184446,48.3832336998449,Marolles-sur-Seine,77279,Marolles-sur-Seine,carpool,Aire de covoiturage,POINT (3.0184446 48.3832336998449),22523
43,2.9852009,48.9413553997069,Montceaux-lès-Meaux,77300,Montceaux-lès-Meaux,carpool,Aire de covoiturage,POINT (2.9852009 48.9413553997069),21830
43,2.9852009,48.9413553997069,Montceaux-lès-Meaux,77300,Montceaux-lès-Meaux,carpool,Aire de covoiturage,POINT (2.9852009 48.9413553997069),21831
43,2.9852009,48.9413553997069,Montceaux-lès-Meaux,77300,Montceaux-lès-Meaux,carpool,Aire de covoiturage,POINT (2.9852009 48.9413553997069),21956
43,2.9852009,48.9413553997069,Montceaux-lès-Meaux,77300,Montceaux-lès-Meaux,carpool,Aire de covoiturage,POINT (2.9852009 48.9413553997069),21957
44,2.9572818,48.3900425998432,Montereau-fault-Yonne,77305,Montereau-Fault-Yonne,carpool,Aire de covoiturage,POINT (2.9572818 48.3900425998432),21388
44,2.9572818,48.3900425998432,Montereau-fault-Yonne,77305,Montereau-Fault-Yonne,carpool,Aire de covoiturage,POINT (2.9572818 48.3900425998432),21513
44,2.9572818,48.3900425998432,Montereau-fault-Yonne,77305,Montereau-Fault-Yonne,carpool,Aire de covoiturage,POINT (2.9572818 48.3900425998432),21514
44,2.9572818,48.3900425998432,Montereau-fault-Yonne,77305,Montereau-Fault-Yonne,carpool,Aire de covoiturage,POINT (2.9572818 48.3900425998432),21639
44,2.9572818,48.3900425998432,Montereau-fault-Yonne,77305,Montereau-Fault-Yonne,carpool,Aire de covoiturage,POINT (2.9572818 48.3900425998432),21640
45,2.7714991,48.8546260997284,Montévrain RER,77307,Montévrain,carpool,Aire de covoiturage,POINT (2.7714991 48.8546260997284),18816
45,2.7714991,48.8546260997284,Montévrain RER,77307,Montévrain,carpool,Aire de covoiturage,POINT (2.7714991 48.8546260997284),18942
45,2.7714991,48.8546260997284,Montévrain RER,77307,Montévrain,carpool,Aire de covoiturage,POINT (2.7714991 48.8546260997284),18943
45,2.7714991,48.8546260997284,Montévrain RER,77307,Montévrain,carpool,Aire de covoiturage,POINT (2.7714991 48.8546260997284),19068
46,2.7590526,48.8665987997254,Société des Nations,77307,Montévrain,carpool,Aire de covoiturage,POINT (2.7590526 48.8665987997254),18563
46,2.7590526,48.8665987997254,Société des Nations,77307,Montévrain,carpool,Aire de covoiturage,POINT (2.7590526 48.8665987997254),18688
46,2.7590526,48.8665987997254,Société des Nations,77307,Montévrain,carpool,Aire de covoiturage,POINT (2.7590526 48.8665987997254),18689
46,2.7590526,48.8665987997254,Société des Nations,77307,Montévrain,carpool,Aire de covoiturage,POINT (2.7590526 48.8665987997254),18814
46,2.7590526,48.8665987997254,Société des Nations,77307,Montévrain,carpool,Aire de covoiturage,POINT (2.7590526 48.8665987997254),18815
47,2.6175293,48.8437743997311,Noisiel RER,77337,Noisiel,carpool,Aire de covoiturage,POINT (2.6175293 48.8437743997311),16675
47,2.6175293,48.8437743997311,Noisiel RER,77337,Noisiel,carpool,Aire de covoiturage,POINT (2.6175293 48.8437743997311),16676
47,2.6175293,48.8437743997311,Noisiel RER,77337,Noisiel,carpool,Aire de covoiturage,POINT (2.6175293 48.8437743997311),16801
47,2.6175293,48.8437743997311,Noisiel RER,77337,Noisiel,carpool,Aire de covoiturage,POINT (2.6175293 48.8437743997311),16802
47,2.6175293,48.8437743997311,Noisiel RER,77337,Noisiel,carpool,Aire de covoiturage,POINT (2.6175293 48.8437743997311),16927
48,2.6226278,48.8505173997294,Noisiel Mare Blanche,77337,Noisiel,carpool,Aire de covoiturage,POINT (2.6226278 48.8505173997294),16674
48,2.6226278,48.8505173997294,Noisiel Mare Blanche,77337,Noisiel,carpool,Aire de covoiturage,POINT (2.6226278 48.8505173997294),16675
48,2.6226278,48.8505173997294,Noisiel Mare Blanche,77337,Noisiel,carpool,Aire de covoiturage,POINT (2.6226278 48.8505173997294),16800
48,2.6226278,48.8505173997294,Noisiel Mare Blanche,77337,Noisiel,carpool,Aire de covoiturage,POINT (2.6226278 48.8505173997294),16801
48,2.6226278,48.8505173997294,Noisiel Mare Blanche,77337,Noisiel,carpool,Aire de covoiturage,POINT (2.6226278 48.8505173997294),16926
48,2.6226278,48.8505173997294,Noisiel Mare Blanche,77337,Noisiel,carpool,Aire de covoiturage,POINT (2.6226278 48.8505173997294),16927
49,2.626885,48.856280699728,Noisiel - Chocolaterie,77337,Noisiel,carpool,Aire de covoiturage,POINT (2.626885 48.856280699728),16799
49,2.626885,48.856280699728,Noisiel - Chocolaterie,77337,Noisiel,carpool,Aire de covoiturage,POINT (2.626885 48.856280699728),16800
49,2.626885,48.856280699728,Noisiel - Chocolaterie,77337,Noisiel,carpool,Aire de covoiturage,POINT (2.626885 48.856280699728),16925
49,2.626885,48.856280699728,Noisiel - Chocolaterie,77337,Noisiel,carpool,Aire de covoiturage,POINT (2.626885 48.856280699728),16926
49,2.626885,48.856280699728,Noisiel - Chocolaterie,77337,Noisiel,carpool,Aire de covoiturage,POINT (2.626885 48.856280699728),17052
50,2.6757811,49.074102199674,Covoiturage d'Othis,77349,Othis,carpool,Aire de covoiturage,POINT (2.6757811 49.074102199674),17405
50,2.6757811,49.074102199674,Covoiturage d'Othis,77349,Othis,carpool,Aire de covoiturage,POINT (2.6757811 49.074102199674),17406
50,2.6757811,49.074102199674,Covoiturage d'Othis,77349,Othis,carpool,Aire de covoiturage,POINT (2.6757811 49.074102199674),17531
50,2.6757811,49.074102199674,Covoiturage d'Othis,77349,Othis,carpool,Aire de covoiturage,POINT (2.6757811 49.074102199674),17532
50,2.6757811,49.074102199674,Covoiturage d'Othis,77349,Othis,carpool,Aire de covoiturage,POINT (2.6757811 49.074102199674),17657
50,2.6757811,49.074102199674,Covoiturage d'Othis,77349,Othis,carpool,Aire de covoiturage,POINT (2.6757811 49.074102199674),17658
51,2.8602183,48.9884527996952,Penchard,77358,Penchard,carpool,Aire de covoiturage,POINT (2.8602183 48.9884527996952),20061
51,2.8602183,48.9884527996952,Penchard,77358,Penchard,carpool,Aire de covoiturage,POINT (2.8602183 48.9884527996952),20062
51,2.8602183,48.9884527996952,Penchard,77358,Penchard,carpool,Aire de covoiturage,POINT (2.8602183 48.9884527996952),20187
51,2.8602183,48.9884527996952,Penchard,77358,Penchard,carpool,Aire de covoiturage,POINT (2.8602183 48.9884527996952),20188
51,2.8602183,48.9884527996952,Penchard,77358,Penchard,carpool,Aire de covoiturage,POINT (2.8602183 48.9884527996952),20313
52,2.9849652,48.7342188997582,Pézarches,77360,Pézarches,carpool,Aire de covoiturage,POINT (2.9849652 48.7342188997582),21853
52,2.9849652,48.7342188997582,Pézarches,77360,Pézarches,carpool,Aire de covoiturage,POINT (2.9849652 48.7342188997582),21854
52,2.9849652,48.7342188997582,Pézarches,77360,Pézarches,carpool,Aire de covoiturage,POINT (2.9849652 48.7342188997582),21979
52,2.9849652,48.7342188997582,Pézarches,77360,Pézarches,carpool,Aire de covoiturage,POINT (2.9849652 48.7342188997582),21980
53,2.98496338646965,48.7342383406653,Missing,77360,Pézarches,carpool,Parking,POINT (2.98496338646965 48.7342383406653),21853
53,2.98496338646965,48.7342383406653,Missing,77360,Pézarches,carpool,Parking,POINT (2.98496338646965 48.7342383406653),21854
53,2.98496338646965,48.7342383406653,Missing,77360,Pézarches,carpool,Parking,POINT (2.98496338646965 48.7342383406653),21979
53,2.98496338646965,48.7342383406653,Missing,77360,Pézarches,carpool,Parking,POINT (2.98496338646965 48.7342383406653),21980
54,2.704117,48.8810507997218,Quai Bizeau,77372,Pomponne,carpool,Aire de covoiturage,POINT (2.704117 48.8810507997218),17805
54,2.704117,48.8810507997218,Quai Bizeau,77372,Pomponne,carpool,Aire de covoiturage,POINT (2.704117 48.8810507997218),17931
54,2.704117,48.8810507997218,Quai Bizeau,77372,Pomponne,carpool,Aire de covoiturage,POINT (2.704117 48.8810507997218),17932
54,2.704117,48.8810507997218,Quai Bizeau,77372,Pomponne,carpool,Aire de covoiturage,POINT (2.704117 48.8810507997218),18057
55,2.6916043,48.8815692997217,Pomponne Mairie,77372,Pomponne,carpool,Aire de covoiturage,POINT (2.6916043 48.8815692997217),17679
55,2.6916043,48.8815692997217,Pomponne Mairie,77372,Pomponne,carpool,Aire de covoiturage,POINT (2.6916043 48.8815692997217),17805
55,2.6916043,48.8815692997217,Pomponne Mairie,77372,Pomponne,carpool,Aire de covoiturage,POINT (2.6916043 48.8815692997217),17806
55,2.6916043,48.8815692997217,Pomponne Mairie,77372,Pomponne,carpool,Aire de covoiturage,POINT (2.6916043 48.8815692997217),17931
56,3.2324342,48.8465951997304,Rebais,77385,Rebais,carpool,Aire de covoiturage,POINT (3.2324342 48.8465951997304),25243
56,3.2324342,48.8465951997304,Rebais,77385,Rebais,carpool,Aire de covoiturage,POINT (3.2324342 48.8465951997304),25368
56,3.2324342,48.8465951997304,Rebais,77385,Rebais,carpool,Aire de covoiturage,POINT (3.2324342 48.8465951997304),25369
56,3.2324342,48.8465951997304,Rebais,77385,Rebais,carpool,Aire de covoiturage,POINT (3.2324342 48.8465951997304),25495
57,3.23900370296019,48.8498835559811,Missing,77385,Rebais,carpool,Parking,POINT (3.23900370296019 48.8498835559811),25368
57,3.23900370296019,48.8498835559811,Missing,77385,Rebais,carpool,Parking,POINT (3.23900370296019 48.8498835559811),25369
57,3.23900370296019,48.8498835559811,Missing,77385,Rebais,carpool,Parking,POINT (3.23900370296019 48.8498835559811),25494
57,3.23900370296019,48.8498835559811,Missing,77385,Rebais,carpool,Parking,POINT (3.23900370296019 48.8498835559811),25495
57,3.23900370296019,48.8498835559811,Missing,77385,Rebais,carpool,Parking,POINT (3.23900370296019 48.8498835559811),25621
58,2.6745982,48.8633197997262,ZAE de l'Esplanade,77438,Saint-Thibault-des-Vignes,carpool,Aire de covoiturage,POINT (2.6745982 48.8633197997262),17429
58,2.6745982,48.8633197997262,ZAE de l'Esplanade,77438,Saint-Thibault-des-Vignes,carpool,Aire de covoiturage,POINT (2.6745982 48.8633197997262),17555
58,2.6745982,48.8633197997262,ZAE de l'Esplanade,77438,Saint-Thibault-des-Vignes,carpool,Aire de covoiturage,POINT (2.6745982 48.8633197997262),17556
58,2.6745982,48.8633197997262,ZAE de l'Esplanade,77438,Saint-Thibault-des-Vignes,carpool,Aire de covoiturage,POINT (2.6745982 48.8633197997262),17681
59,2.6665756,48.8547481997283,Place Claude Monet,77438,Saint-Thibault-des-Vignes,carpool,Aire de covoiturage,POINT (2.6665756 48.8547481997283),17304
59,2.6665756,48.8547481997283,Place Claude Monet,77438,Saint-Thibault-des-Vignes,carpool,Aire de covoiturage,POINT (2.6665756 48.8547481997283),17430
59,2.6665756,48.8547481997283,Place Claude Monet,77438,Saint-Thibault-des-Vignes,carpool,Aire de covoiturage,POINT (2.6665756 48.8547481997283),17431
59,2.6665756,48.8547481997283,Place Claude Monet,77438,Saint-Thibault-des-Vignes,carpool,Aire de covoiturage,POINT (2.6665756 48.8547481997283),17556
60,2.6889446,48.8689739997248,Saint-Thibault - Mairie,77438,Saint-Thibault-des-Vignes,carpool,Aire de covoiturage,POINT (2.6889446 48.8689739997248),17680
60,2.6889446,48.8689739997248,Saint-Thibault - Mairie,77438,Saint-Thibault-des-Vignes,carpool,Aire de covoiturage,POINT (2.6889446 48.8689739997248),17681
60,2.6889446,48.8689739997248,Saint-Thibault - Mairie,77438,Saint-Thibault-des-Vignes,carpool,Aire de covoiturage,POINT (2.6889446 48.8689739997248),17806
60,2.6889446,48.8689739997248,Saint-Thibault - Mairie,77438,Saint-Thibault-des-Vignes,carpool,Aire de covoiturage,POINT (2.6889446 48.8689739997248),17807
61,2.6887452,48.8733761997237,Branly,77438,Saint-Thibault-des-Vignes,carpool,Aire de covoiturage,POINT (2.6887452 48.8733761997237),17680
61,2.6887452,48.8733761997237,Branly,77438,Saint-Thibault-des-Vignes,carpool,Aire de covoiturage,POINT (2.6887452 48.8733761997237),17805
61,2.6887452,48.8733761997237,Branly,77438,Saint-Thibault-des-Vignes,carpool,Aire de covoiturage,POINT (2.6887452 48.8733761997237),17806
61,2.6887452,48.8733761997237,Branly,77438,Saint-Thibault-des-Vignes,carpool,Aire de covoiturage,POINT (2.6887452 48.8733761997237),17932
62,2.6754072,48.8685790997249,Missing,77438,Saint-Thibault-des-Vignes,carpool,Aire de covoiturage,POINT (2.6754072 48.8685790997249),17428
62,2.6754072,48.8685790997249,Missing,77438,Saint-Thibault-des-Vignes,carpool,Aire de covoiturage,POINT (2.6754072 48.8685790997249),17429
62,2.6754072,48.8685790997249,Missing,77438,Saint-Thibault-des-Vignes,carpool,Aire de covoiturage,POINT (2.6754072 48.8685790997249),17554
62,2.6754072,48.8685790997249,Missing,77438,Saint-Thibault-des-Vignes,carpool,Aire de covoiturage,POINT (2.6754072 48.8685790997249),17555
62,2.6754072,48.8685790997249,Missing,77438,Saint-Thibault-des-Vignes,carpool,Aire de covoiturage,POINT (2.6754072 48.8685790997249),17680
62,2.6754072,48.8685790997249,Missing,77438,Saint-Thibault-des-Vignes,carpool,Aire de covoiturage,POINT (2.6754072 48.8685790997249),17681
63,3.1139316,48.9451006997059,Sept-sorts,77448,Sept-Sorts,carpool,Aire de covoiturage,POINT (3.1139316 48.9451006997059),23594
63,3.1139316,48.9451006997059,Sept-sorts,77448,Sept-Sorts,carpool,Aire de covoiturage,POINT (3.1139316 48.9451006997059),23719
63,3.1139316,48.9451006997059,Sept-sorts,77448,Sept-Sorts,carpool,Aire de covoiturage,POINT (3.1139316 48.9451006997059),23720
63,3.1139316,48.9451006997059,Sept-sorts,77448,Sept-Sorts,carpool,Aire de covoiturage,POINT (3.1139316 48.9451006997059),23846
64,2.7861641,48.856265399728,Serris - Mairie,77449,Serris,carpool,Aire de covoiturage,POINT (2.7861641 48.856265399728),18942
64,2.7861641,48.856265399728,Serris - Mairie,77449,Serris,carpool,Aire de covoiturage,POINT (2.7861641 48.856265399728),19067
64,2.7861641,48.856265399728,Serris - Mairie,77449,Serris,carpool,Aire de covoiturage,POINT (2.7861641 48.856265399728),19068
64,2.7861641,48.856265399728,Serris - Mairie,77449,Serris,carpool,Aire de covoiturage,POINT (2.7861641 48.856265399728),19193
64,2.7861641,48.856265399728,Serris - Mairie,77449,Serris,carpool,Aire de covoiturage,POINT (2.7861641 48.856265399728),19194
65,2.7888496,48.8412887997317,Serris - Saria,77449,Serris,carpool,Aire de covoiturage,POINT (2.7888496 48.8412887997317),19069
65,2.7888496,48.8412887997317,Serris - Saria,77449,Serris,carpool,Aire de covoiturage,POINT (2.7888496 48.8412887997317),19070
65,2.7888496,48.8412887997317,Serris - Saria,77449,Serris,carpool,Aire de covoiturage,POINT (2.7888496 48.8412887997317),19195
65,2.7888496,48.8412887997317,Serris - Saria,77449,Serris,carpool,Aire de covoiturage,POINT (2.7888496 48.8412887997317),19196
66,2.7081247,48.8917173997192,Parc des Sports,77464,Thorigny-sur-Marne,carpool,Aire de covoiturage,POINT (2.7081247 48.8917173997192),17930
66,2.7081247,48.8917173997192,Parc des Sports,77464,Thorigny-sur-Marne,carpool,Aire de covoiturage,POINT (2.7081247 48.8917173997192),18055
66,2.7081247,48.8917173997192,Parc des Sports,77464,Thorigny-sur-Marne,carpool,Aire de covoiturage,POINT (2.7081247 48.8917173997192),18056
66,2.7081247,48.8917173997192,Parc des Sports,77464,Thorigny-sur-Marne,carpool,Aire de covoiturage,POINT (2.7081247 48.8917173997192),18182
67,2.7070706,48.8819217997216,Rue de la Gare,77464,Thorigny-sur-Marne,carpool,Aire de covoiturage,POINT (2.7070706 48.8819217997216),17931
67,2.7070706,48.8819217997216,Rue de la Gare,77464,Thorigny-sur-Marne,carpool,Aire de covoiturage,POINT (2.7070706 48.8819217997216),18057
67,2.7070706,48.8819217997216,Rue de la Gare,77464,Thorigny-sur-Marne,carpool,Aire de covoiturage,POINT (2.7070706 48.8819217997216),18183
68,2.655529,48.8394887997321,Torcy RER,77468,Torcy,carpool,Aire de covoiturage,POINT (2.655529 48.8394887997321),17179
68,2.655529,48.8394887997321,Torcy RER,77468,Torcy,carpool,Aire de covoiturage,POINT (2.655529 48.8394887997321),17180
68,2.655529,48.8394887997321,Torcy RER,77468,Torcy,carpool,Aire de covoiturage,POINT (2.655529 48.8394887997321),17305
68,2.655529,48.8394887997321,Torcy RER,77468,Torcy,carpool,Aire de covoiturage,POINT (2.655529 48.8394887997321),17306
68,2.655529,48.8394887997321,Torcy RER,77468,Torcy,carpool,Aire de covoiturage,POINT (2.655529 48.8394887997321),17432
69,2.6517218,48.8500110997295,Torcy Mairie,77468,Torcy,carpool,Aire de covoiturage,POINT (2.6517218 48.8500110997295),17178
69,2.6517218,48.8500110997295,Torcy Mairie,77468,Torcy,carpool,Aire de covoiturage,POINT (2.6517218 48.8500110997295),17179
69,2.6517218,48.8500110997295,Torcy Mairie,77468,Torcy,carpool,Aire de covoiturage,POINT (2.6517218 48.8500110997295),17304
69,2.6517218,48.8500110997295,Torcy Mairie,77468,Torcy,carpool,Aire de covoiturage,POINT (2.6517218 48.8500110997295),17305
70,2.6547243,48.839859199732,Missing,77468,Torcy,carpool,Aire de covoiturage,POINT (2.6547243 48.839859199732),17179
70,2.6547243,48.839859199732,Missing,77468,Torcy,carpool,Aire de covoiturage,POINT (2.6547243 48.839859199732),17180
70,2.6547243,48.839859199732,Missing,77468,Torcy,carpool,Aire de covoiturage,POINT (2.6547243 48.839859199732),17305
70,2.6547243,48.839859199732,Missing,77468,Torcy,carpool,Aire de covoiturage,POINT (2.6547243 48.839859199732),17306
70,2.6547243,48.839859199732,Missing,77468,Torcy,carpool,Aire de covoiturage,POINT (2.6547243 48.839859199732),17432
71,1.83140299287967,48.5294978691786,Aire de covoiturage Vinci Autoroutes Ablis,78003,Ablis,carpool,Aire de covoiturage,POINT (1.83140299287967 48.5294978691786),5622
71,1.83140299287967,48.5294978691786,Aire de covoiturage Vinci Autoroutes Ablis,78003,Ablis,carpool,Aire de covoiturage,POINT (1.83140299287967 48.5294978691786),5748
71,1.83140299287967,48.5294978691786,Aire de covoiturage Vinci Autoroutes Ablis,78003,Ablis,carpool,Aire de covoiturage,POINT (1.83140299287967 48.5294978691786),5749
71,1.83140299287967,48.5294978691786,Aire de covoiturage Vinci Autoroutes Ablis,78003,Ablis,carpool,Aire de covoiturage,POINT (1.83140299287967 48.5294978691786),5874
71,1.83140299287967,48.5294978691786,Aire de covoiturage Vinci Autoroutes Ablis,78003,Ablis,carpool,Aire de covoiturage,POINT (1.83140299287967 48.5294978691786),5875
72,2.0378393,48.7049310997655,Missing,78160,Chevreuse,carpool,Aire de covoiturage,POINT (2.0378393 48.7049310997655),8501
72,2.0378393,48.7049310997655,Missing,78160,Chevreuse,carpool,Aire de covoiturage,POINT (2.0378393 48.7049310997655),8626
72,2.0378393,48.7049310997655,Missing,78160,Chevreuse,carpool,Aire de covoiturage,POINT (2.0378393 48.7049310997655),8627
72,2.0378393,48.7049310997655,Missing,78160,Chevreuse,carpool,Aire de covoiturage,POINT (2.0378393 48.7049310997655),8752
72,2.0378393,48.7049310997655,Missing,78160,Chevreuse,carpool,Aire de covoiturage,POINT (2.0378393 48.7049310997655),8753
73,2.0177771,48.68674719977,Choisel - Mairie,78162,Choisel,carpool,Aire de covoiturage,POINT (2.0177771 48.68674719977),8250
73,2.0177771,48.68674719977,Choisel - Mairie,78162,Choisel,carpool,Aire de covoiturage,POINT (2.0177771 48.68674719977),8251
73,2.0177771,48.68674719977,Choisel - Mairie,78162,Choisel,carpool,Aire de covoiturage,POINT (2.0177771 48.68674719977),8376
73,2.0177771,48.68674719977,Choisel - Mairie,78162,Choisel,carpool,Aire de covoiturage,POINT (2.0177771 48.68674719977),8377
73,2.0177771,48.68674719977,Choisel - Mairie,78162,Choisel,carpool,Aire de covoiturage,POINT (2.0177771 48.68674719977),8503
74,1.9874527,48.7061881997652,Missing,78193,Dampierre-en-Yvelines,carpool,Aire de covoiturage,POINT (1.9874527 48.7061881997652),7870
74,1.9874527,48.7061881997652,Missing,78193,Dampierre-en-Yvelines,carpool,Aire de covoiturage,POINT (1.9874527 48.7061881997652),7871
74,1.9874527,48.7061881997652,Missing,78193,Dampierre-en-Yvelines,carpool,Aire de covoiturage,POINT (1.9874527 48.7061881997652),7996
74,1.9874527,48.7061881997652,Missing,78193,Dampierre-en-Yvelines,carpool,Aire de covoiturage,POINT (1.9874527 48.7061881997652),7997
75,1.93039407558526,48.9462890997006,Hub d'Ecquevilly - Petit Parc,78206,Ecquevilly,carpool,Aire de covoiturage,POINT (1.93039407558526 48.9462890997006),6962
75,1.93039407558526,48.9462890997006,Hub d'Ecquevilly - Petit Parc,78206,Ecquevilly,carpool,Aire de covoiturage,POINT (1.93039407558526 48.9462890997006),7087
75,1.93039407558526,48.9462890997006,Hub d'Ecquevilly - Petit Parc,78206,Ecquevilly,carpool,Aire de covoiturage,POINT (1.93039407558526 48.9462890997006),7088
75,1.93039407558526,48.9462890997006,Hub d'Ecquevilly - Petit Parc,78206,Ecquevilly,carpool,Aire de covoiturage,POINT (1.93039407558526 48.9462890997006),7213
75,1.93039407558526,48.9462890997006,Hub d'Ecquevilly - Petit Parc,78206,Ecquevilly,carpool,Aire de covoiturage,POINT (1.93039407558526 48.9462890997006),7214
76,1.89187251461513,49.024637592138,Hub de Gaillon-sur-Montcient,78261,Gaillon-sur-Montcient,carpool,Aire de covoiturage,POINT (1.89187251461513 49.024637592138),6449
76,1.89187251461513,49.024637592138,Hub de Gaillon-sur-Montcient,78261,Gaillon-sur-Montcient,carpool,Aire de covoiturage,POINT (1.89187251461513 49.024637592138),6575
76,1.89187251461513,49.024637592138,Hub de Gaillon-sur-Montcient,78261,Gaillon-sur-Montcient,carpool,Aire de covoiturage,POINT (1.89187251461513 49.024637592138),6576
76,1.89187251461513,49.024637592138,Hub de Gaillon-sur-Montcient,78261,Gaillon-sur-Montcient,carpool,Aire de covoiturage,POINT (1.89187251461513 49.024637592138),6701
77,1.89177561659483,49.0247017005065,Hub de Gaillon-sur-Montcient,78261,Gaillon-sur-Montcient,carpool,Aire de covoiturage,POINT (1.89177561659483 49.0247017005065),6449
77,1.89177561659483,49.0247017005065,Hub de Gaillon-sur-Montcient,78261,Gaillon-sur-Montcient,carpool,Aire de covoiturage,POINT (1.89177561659483 49.0247017005065),6575
77,1.89177561659483,49.0247017005065,Hub de Gaillon-sur-Montcient,78261,Gaillon-sur-Montcient,carpool,Aire de covoiturage,POINT (1.89177561659483 49.0247017005065),6576
77,1.89177561659483,49.0247017005065,Hub de Gaillon-sur-Montcient,78261,Gaillon-sur-Montcient,carpool,Aire de covoiturage,POINT (1.89177561659483 49.0247017005065),6701
78,1.89166185888186,49.0246953342318,Hub de Gaillon-sur-Montcient,78261,Gaillon-sur-Montcient,carpool,Aire de covoiturage,POINT (1.89166185888186 49.0246953342318),6449
78,1.89166185888186,49.0246953342318,Hub de Gaillon-sur-Montcient,78261,Gaillon-sur-Montcient,carpool,Aire de covoiturage,POINT (1.89166185888186 49.0246953342318),6575
78,1.89166185888186,49.0246953342318,Hub de Gaillon-sur-Montcient,78261,Gaillon-sur-Montcient,carpool,Aire de covoiturage,POINT (1.89166185888186 49.0246953342318),6576
78,1.89166185888186,49.0246953342318,Hub de Gaillon-sur-Montcient,78261,Gaillon-sur-Montcient,carpool,Aire de covoiturage,POINT (1.89166185888186 49.0246953342318),6701
79,1.72341,48.9922558996942,Hub de Mantes-la-Jolie,78361,Mantes-la-Jolie,carpool,Aire de covoiturage,POINT (1.72341 48.9922558996942),4059
79,1.72341,48.9922558996942,Hub de Mantes-la-Jolie,78361,Mantes-la-Jolie,carpool,Aire de covoiturage,POINT (1.72341 48.9922558996942),4184
79,1.72341,48.9922558996942,Hub de Mantes-la-Jolie,78361,Mantes-la-Jolie,carpool,Aire de covoiturage,POINT (1.72341 48.9922558996942),4185
79,1.72341,48.9922558996942,Hub de Mantes-la-Jolie,78361,Mantes-la-Jolie,carpool,Aire de covoiturage,POINT (1.72341 48.9922558996942),4310
79,1.72341,48.9922558996942,Hub de Mantes-la-Jolie,78361,Mantes-la-Jolie,carpool,Aire de covoiturage,POINT (1.72341 48.9922558996942),4311
80,2.0495237,48.7265590997601,Milon-la-Chapelle - Mairie,78406,Milon-la-Chapelle,carpool,Aire de covoiturage,POINT (2.0495237 48.7265590997601),8624
80,2.0495237,48.7265590997601,Milon-la-Chapelle - Mairie,78406,Milon-la-Chapelle,carpool,Aire de covoiturage,POINT (2.0495237 48.7265590997601),8750
80,2.0495237,48.7265590997601,Milon-la-Chapelle - Mairie,78406,Milon-la-Chapelle,carpool,Aire de covoiturage,POINT (2.0495237 48.7265590997601),8751
80,2.0495237,48.7265590997601,Milon-la-Chapelle - Mairie,78406,Milon-la-Chapelle,carpool,Aire de covoiturage,POINT (2.0495237 48.7265590997601),8876
80,2.0495237,48.7265590997601,Milon-la-Chapelle - Mairie,78406,Milon-la-Chapelle,carpool,Aire de covoiturage,POINT (2.0495237 48.7265590997601),8877
81,2.0192905,48.7332108997585,Saint-Lambert-des-Bois - Port Royal,78561,Saint-Lambert,carpool,Aire de covoiturage,POINT (2.0192905 48.7332108997585),8245
81,2.0192905,48.7332108997585,Saint-Lambert-des-Bois - Port Royal,78561,Saint-Lambert,carpool,Aire de covoiturage,POINT (2.0192905 48.7332108997585),8246
81,2.0192905,48.7332108997585,Saint-Lambert-des-Bois - Port Royal,78561,Saint-Lambert,carpool,Aire de covoiturage,POINT (2.0192905 48.7332108997585),8371
81,2.0192905,48.7332108997585,Saint-Lambert-des-Bois - Port Royal,78561,Saint-Lambert,carpool,Aire de covoiturage,POINT (2.0192905 48.7332108997585),8372
81,2.0192905,48.7332108997585,Saint-Lambert-des-Bois - Port Royal,78561,Saint-Lambert,carpool,Aire de covoiturage,POINT (2.0192905 48.7332108997585),8497
81,2.0192905,48.7332108997585,Saint-Lambert-des-Bois - Port Royal,78561,Saint-Lambert,carpool,Aire de covoiturage,POINT (2.0192905 48.7332108997585),8498
82,2.0667113,48.698847499767,Saint-Rémy-lès-Chevreuse - Beauséjour,78575,Saint-Rémy-lès-Chevreuse,carpool,Aire de covoiturage,POINT (2.0667113 48.698847499767),8879
82,2.0667113,48.698847499767,Saint-Rémy-lès-Chevreuse - Beauséjour,78575,Saint-Rémy-lès-Chevreuse,carpool,Aire de covoiturage,POINT (2.0667113 48.698847499767),9005
82,2.0667113,48.698847499767,Saint-Rémy-lès-Chevreuse - Beauséjour,78575,Saint-Rémy-lès-Chevreuse,carpool,Aire de covoiturage,POINT (2.0667113 48.698847499767),9006
82,2.0667113,48.698847499767,Saint-Rémy-lès-Chevreuse - Beauséjour,78575,Saint-Rémy-lès-Chevreuse,carpool,Aire de covoiturage,POINT (2.0667113 48.698847499767),9131
82,2.0667113,48.698847499767,Saint-Rémy-lès-Chevreuse - Beauséjour,78575,Saint-Rémy-lès-Chevreuse,carpool,Aire de covoiturage,POINT (2.0667113 48.698847499767),9132
83,2.0711209,48.703125099766,Saint-Rémy-lès-Chevreuse - RER,78575,Saint-Rémy-lès-Chevreuse,carpool,Aire de covoiturage,POINT (2.0711209 48.703125099766),9005
83,2.0711209,48.703125099766,Saint-Rémy-lès-Chevreuse - RER,78575,Saint-Rémy-lès-Chevreuse,carpool,Aire de covoiturage,POINT (2.0711209 48.703125099766),9130
83,2.0711209,48.703125099766,Saint-Rémy-lès-Chevreuse - RER,78575,Saint-Rémy-lès-Chevreuse,carpool,Aire de covoiturage,POINT (2.0711209 48.703125099766),9131
83,2.0711209,48.703125099766,Saint-Rémy-lès-Chevreuse - RER,78575,Saint-Rémy-lès-Chevreuse,carpool,Aire de covoiturage,POINT (2.0711209 48.703125099766),9257
84,2.0814393,48.715189899763,Saint-Rémy-lès-Chevreuse - Beauplan,78575,Saint-Rémy-lès-Chevreuse,carpool,Aire de covoiturage,POINT (2.0814393 48.715189899763),9129
84,2.0814393,48.715189899763,Saint-Rémy-lès-Chevreuse - Beauplan,78575,Saint-Rémy-lès-Chevreuse,carpool,Aire de covoiturage,POINT (2.0814393 48.715189899763),9130
84,2.0814393,48.715189899763,Saint-Rémy-lès-Chevreuse - Beauplan,78575,Saint-Rémy-lès-Chevreuse,carpool,Aire de covoiturage,POINT (2.0814393 48.715189899763),9255
84,2.0814393,48.715189899763,Saint-Rémy-lès-Chevreuse - Beauplan,78575,Saint-Rémy-lès-Chevreuse,carpool,Aire de covoiturage,POINT (2.0814393 48.715189899763),9256
84,2.0814393,48.715189899763,Saint-Rémy-lès-Chevreuse - Beauplan,78575,Saint-Rémy-lès-Chevreuse,carpool,Aire de covoiturage,POINT (2.0814393 48.715189899763),9381
84,2.0814393,48.715189899763,Saint-Rémy-lès-Chevreuse - Beauplan,78575,Saint-Rémy-lès-Chevreuse,carpool,Aire de covoiturage,POINT (2.0814393 48.715189899763),9382
85,2.1274351,48.6158432997876,Missing,91111,Briis-sous-Forges,carpool,Aire de covoiturage,POINT (2.1274351 48.6158432997876),9770
85,2.1274351,48.6158432997876,Missing,91111,Briis-sous-Forges,carpool,Aire de covoiturage,POINT (2.1274351 48.6158432997876),9771
85,2.1274351,48.6158432997876,Missing,91111,Briis-sous-Forges,carpool,Aire de covoiturage,POINT (2.1274351 48.6158432997876),9896
85,2.1274351,48.6158432997876,Missing,91111,Briis-sous-Forges,carpool,Aire de covoiturage,POINT (2.1274351 48.6158432997876),9897
85,2.1274351,48.6158432997876,Missing,91111,Briis-sous-Forges,carpool,Aire de covoiturage,POINT (2.1274351 48.6158432997876),10022
85,2.1274351,48.6158432997876,Missing,91111,Briis-sous-Forges,carpool,Aire de covoiturage,POINT (2.1274351 48.6158432997876),10023
86,2.1276964,48.6157459997876,Missing,91111,Briis-sous-Forges,carpool,Aire de covoiturage,POINT (2.1276964 48.6157459997876),9770
86,2.1276964,48.6157459997876,Missing,91111,Briis-sous-Forges,carpool,Aire de covoiturage,POINT (2.1276964 48.6157459997876),9771
86,2.1276964,48.6157459997876,Missing,91111,Briis-sous-Forges,carpool,Aire de covoiturage,POINT (2.1276964 48.6157459997876),9896
86,2.1276964,48.6157459997876,Missing,91111,Briis-sous-Forges,carpool,Aire de covoiturage,POINT (2.1276964 48.6157459997876),9897
86,2.1276964,48.6157459997876,Missing,91111,Briis-sous-Forges,carpool,Aire de covoiturage,POINT (2.1276964 48.6157459997876),10022
86,2.1276964,48.6157459997876,Missing,91111,Briis-sous-Forges,carpool,Aire de covoiturage,POINT (2.1276964 48.6157459997876),10023
87,2.1280572045038,48.6157021862028,Aire de Briis-Sous-Forges,91111,Briis-sous-Forges,carpool,Aire de covoiturage,POINT (2.1280572045038 48.6157021862028),9770
87,2.1280572045038,48.6157021862028,Aire de Briis-Sous-Forges,91111,Briis-sous-Forges,carpool,Aire de covoiturage,POINT (2.1280572045038 48.6157021862028),9771
87,2.1280572045038,48.6157021862028,Aire de Briis-Sous-Forges,91111,Briis-sous-Forges,carpool,Aire de covoiturage,POINT (2.1280572045038 48.6157021862028),9896
87,2.1280572045038,48.6157021862028,Aire de Briis-Sous-Forges,91111,Briis-sous-Forges,carpool,Aire de covoiturage,POINT (2.1280572045038 48.6157021862028),9897
87,2.1280572045038,48.6157021862028,Aire de Briis-Sous-Forges,91111,Briis-sous-Forges,carpool,Aire de covoiturage,POINT (2.1280572045038 48.6157021862028),10022
87,2.1280572045038,48.6157021862028,Aire de Briis-Sous-Forges,91111,Briis-sous-Forges,carpool,Aire de covoiturage,POINT (2.1280572045038 48.6157021862028),10023
88,2.20659821942545,48.5252289490038,Aire de covoiturage,91132,Chamarande,carpool,Aire de covoiturage,POINT (2.20659821942545 48.5252289490038),10914
88,2.20659821942545,48.5252289490038,Aire de covoiturage,91132,Chamarande,carpool,Aire de covoiturage,POINT (2.20659821942545 48.5252289490038),10915
88,2.20659821942545,48.5252289490038,Aire de covoiturage,91132,Chamarande,carpool,Aire de covoiturage,POINT (2.20659821942545 48.5252289490038),11040
88,2.20659821942545,48.5252289490038,Aire de covoiturage,91132,Chamarande,carpool,Aire de covoiturage,POINT (2.20659821942545 48.5252289490038),11041
88,2.20659821942545,48.5252289490038,Aire de covoiturage,91132,Chamarande,carpool,Aire de covoiturage,POINT (2.20659821942545 48.5252289490038),11167
89,2.103822,48.6274618997847,arrêt rézopouce,91249,Forges-les-Bains,carpool,Aire de covoiturage,POINT (2.103822 48.6274618997847),9517
89,2.103822,48.6274618997847,arrêt rézopouce,91249,Forges-les-Bains,carpool,Aire de covoiturage,POINT (2.103822 48.6274618997847),9518
89,2.103822,48.6274618997847,arrêt rézopouce,91249,Forges-les-Bains,carpool,Aire de covoiturage,POINT (2.103822 48.6274618997847),9643
89,2.103822,48.6274618997847,arrêt rézopouce,91249,Forges-les-Bains,carpool,Aire de covoiturage,POINT (2.103822 48.6274618997847),9644
90,2.1193763,48.6686673997745,Missing,91274,Gometz-la-Ville,carpool,Aire de covoiturage,POINT (2.1193763 48.6686673997745),9639
90,2.1193763,48.6686673997745,Missing,91274,Gometz-la-Ville,carpool,Aire de covoiturage,POINT (2.1193763 48.6686673997745),9764
90,2.1193763,48.6686673997745,Missing,91274,Gometz-la-Ville,carpool,Aire de covoiturage,POINT (2.1193763 48.6686673997745),9765
90,2.1193763,48.6686673997745,Missing,91274,Gometz-la-Ville,carpool,Aire de covoiturage,POINT (2.1193763 48.6686673997745),9890
90,2.1193763,48.6686673997745,Missing,91274,Gometz-la-Ville,carpool,Aire de covoiturage,POINT (2.1193763 48.6686673997745),9891
91,2.26955450000177,48.5146726001002,Station Service Intermarché,91318,Janville-sur-Juine,carpool,Aire de covoiturage,POINT (2.26955450000177 48.5146726001002),11798
91,2.26955450000177,48.5146726001002,Station Service Intermarché,91318,Janville-sur-Juine,carpool,Aire de covoiturage,POINT (2.26955450000177 48.5146726001002),11923
91,2.26955450000177,48.5146726001002,Station Service Intermarché,91318,Janville-sur-Juine,carpool,Aire de covoiturage,POINT (2.26955450000177 48.5146726001002),11924
91,2.26955450000177,48.5146726001002,Station Service Intermarché,91318,Janville-sur-Juine,carpool,Aire de covoiturage,POINT (2.26955450000177 48.5146726001002),12050
92,2.3816353,48.6879436997697,Missing,91326,Juvisy-sur-Orge,carpool,Aire de covoiturage,POINT (2.3816353 48.6879436997697),13291
92,2.3816353,48.6879436997697,Missing,91326,Juvisy-sur-Orge,carpool,Aire de covoiturage,POINT (2.3816353 48.6879436997697),13416
92,2.3816353,48.6879436997697,Missing,91326,Juvisy-sur-Orge,carpool,Aire de covoiturage,POINT (2.3816353 48.6879436997697),13417
92,2.3816353,48.6879436997697,Missing,91326,Juvisy-sur-Orge,carpool,Aire de covoiturage,POINT (2.3816353 48.6879436997697),13542
92,2.3816353,48.6879436997697,Missing,91326,Juvisy-sur-Orge,carpool,Aire de covoiturage,POINT (2.3816353 48.6879436997697),13543
93,2.2901023,48.5326571998081,Missing,91330,Lardy,carpool,Aire de covoiturage,POINT (2.2901023 48.5326571998081),12048
93,2.2901023,48.5326571998081,Missing,91330,Lardy,carpool,Aire de covoiturage,POINT (2.2901023 48.5326571998081),12173
93,2.2901023,48.5326571998081,Missing,91330,Lardy,carpool,Aire de covoiturage,POINT (2.2901023 48.5326571998081),12174
93,2.2901023,48.5326571998081,Missing,91330,Lardy,carpool,Aire de covoiturage,POINT (2.2901023 48.5326571998081),12300
94,2.0869487,48.642366799781,Limours PARC DES SPORTS,91338,Limours,carpool,Aire de covoiturage,POINT (2.0869487 48.642366799781),9263
94,2.0869487,48.642366799781,Limours PARC DES SPORTS,91338,Limours,carpool,Aire de covoiturage,POINT (2.0869487 48.642366799781),9264
94,2.0869487,48.642366799781,Limours PARC DES SPORTS,91338,Limours,carpool,Aire de covoiturage,POINT (2.0869487 48.642366799781),9389
94,2.0869487,48.642366799781,Limours PARC DES SPORTS,91338,Limours,carpool,Aire de covoiturage,POINT (2.0869487 48.642366799781),9390
95,2.2195157,48.642359599781,Aire de covoiturage,91363,Marcoussis,carpool,Aire de covoiturage,POINT (2.2195157 48.642359599781),11028
95,2.2195157,48.642359599781,Aire de covoiturage,91363,Marcoussis,carpool,Aire de covoiturage,POINT (2.2195157 48.642359599781),11153
95,2.2195157,48.642359599781,Aire de covoiturage,91363,Marcoussis,carpool,Aire de covoiturage,POINT (2.2195157 48.642359599781),11154
95,2.2195157,48.642359599781,Aire de covoiturage,91363,Marcoussis,carpool,Aire de covoiturage,POINT (2.2195157 48.642359599781),11279
95,2.2195157,48.642359599781,Aire de covoiturage,91363,Marcoussis,carpool,Aire de covoiturage,POINT (2.2195157 48.642359599781),11280
96,2.24131894999474,48.637807999793,Parking du Stade de L'Étang Neuf,91363,Marcoussis,carpool,Aire de covoiturage,POINT (2.24131894999474 48.637807999793),11406
96,2.24131894999474,48.637807999793,Parking du Stade de L'Étang Neuf,91363,Marcoussis,carpool,Aire de covoiturage,POINT (2.24131894999474 48.637807999793),11407
96,2.24131894999474,48.637807999793,Parking du Stade de L'Étang Neuf,91363,Marcoussis,carpool,Aire de covoiturage,POINT (2.24131894999474 48.637807999793),11532
96,2.24131894999474,48.637807999793,Parking du Stade de L'Étang Neuf,91363,Marcoussis,carpool,Aire de covoiturage,POINT (2.24131894999474 48.637807999793),11533
96,2.24131894999474,48.637807999793,Parking du Stade de L'Étang Neuf,91363,Marcoussis,carpool,Aire de covoiturage,POINT (2.24131894999474 48.637807999793),11658
97,2.45410720548853,48.4325318352718,Aire de covoiturage,91408,Moigny-sur-École,carpool,Aire de covoiturage,POINT (2.45410720548853 48.4325318352718),14327
97,2.45410720548853,48.4325318352718,Aire de covoiturage,91408,Moigny-sur-École,carpool,Aire de covoiturage,POINT (2.45410720548853 48.4325318352718),14453
97,2.45410720548853,48.4325318352718,Aire de covoiturage,91408,Moigny-sur-École,carpool,Aire de covoiturage,POINT (2.45410720548853 48.4325318352718),14579
98,2.2448158,48.5800047997964,Rezo Pouce,91457,La Norville,carpool,Aire de covoiturage,POINT (2.2448158 48.5800047997964),11412
98,2.2448158,48.5800047997964,Rezo Pouce,91457,La Norville,carpool,Aire de covoiturage,POINT (2.2448158 48.5800047997964),11413
98,2.2448158,48.5800047997964,Rezo Pouce,91457,La Norville,carpool,Aire de covoiturage,POINT (2.2448158 48.5800047997964),11538
98,2.2448158,48.5800047997964,Rezo Pouce,91457,La Norville,carpool,Aire de covoiturage,POINT (2.2448158 48.5800047997964),11539
98,2.2448158,48.5800047997964,Rezo Pouce,91457,La Norville,carpool,Aire de covoiturage,POINT (2.2448158 48.5800047997964),11664
98,2.2448158,48.5800047997964,Rezo Pouce,91457,La Norville,carpool,Aire de covoiturage,POINT (2.2448158 48.5800047997964),11665
99,2.3130559,48.6532510997783,Point de rencontre covoiturage,91549,Sainte-Geneviève-des-Bois,carpool,Aire de covoiturage,POINT (2.3130559 48.6532510997783),12412
99,2.3130559,48.6532510997783,Point de rencontre covoiturage,91549,Sainte-Geneviève-des-Bois,carpool,Aire de covoiturage,POINT (2.3130559 48.6532510997783),12413
99,2.3130559,48.6532510997783,Point de rencontre covoiturage,91549,Sainte-Geneviève-des-Bois,carpool,Aire de covoiturage,POINT (2.3130559 48.6532510997783),12538
99,2.3130559,48.6532510997783,Point de rencontre covoiturage,91549,Sainte-Geneviève-des-Bois,carpool,Aire de covoiturage,POINT (2.3130559 48.6532510997783),12539
99,2.3130559,48.6532510997783,Point de rencontre covoiturage,91549,Sainte-Geneviève-des-Bois,carpool,Aire de covoiturage,POINT (2.3130559 48.6532510997783),12664
100,2.3518188,48.6762421997726,Gare de Savigny-sur-Orge,91589,Savigny-sur-Orge,carpool,Aire de covoiturage,POINT (2.3518188 48.6762421997726),12914
100,2.3518188,48.6762421997726,Gare de Savigny-sur-Orge,91589,Savigny-sur-Orge,carpool,Aire de covoiturage,POINT (2.3518188 48.6762421997726),13039
100,2.3518188,48.6762421997726,Gare de Savigny-sur-Orge,91589,Savigny-sur-Orge,carpool,Aire de covoiturage,POINT (2.3518188 48.6762421997726),13040
100,2.3518188,48.6762421997726,Gare de Savigny-sur-Orge,91589,Savigny-sur-Orge,carpool,Aire de covoiturage,POINT (2.3518188 48.6762421997726),13166
101,2.49336489554212,48.4807931295209,Aire de covoiturage,91599,Soisy-sur-École,carpool,Aire de covoiturage,POINT (2.49336489554212 48.4807931295209),14951
101,2.49336489554212,48.4807931295209,Aire de covoiturage,91599,Soisy-sur-École,carpool,Aire de covoiturage,POINT (2.49336489554212 48.4807931295209),14952
101,2.49336489554212,48.4807931295209,Aire de covoiturage,91599,Soisy-sur-École,carpool,Aire de covoiturage,POINT (2.49336489554212 48.4807931295209),15077
101,2.49336489554212,48.4807931295209,Aire de covoiturage,91599,Soisy-sur-École,carpool,Aire de covoiturage,POINT (2.49336489554212 48.4807931295209),15078
101,2.49336489554212,48.4807931295209,Aire de covoiturage,91599,Soisy-sur-École,carpool,Aire de covoiturage,POINT (2.49336489554212 48.4807931295209),15204
102,2.46440676637393,48.8198714786218,Missing,94042,Joinville-le-Pont,carpool,Aire de covoiturage,POINT (2.46440676637393 48.8198714786218),14535
102,2.46440676637393,48.8198714786218,Missing,94042,Joinville-le-Pont,carpool,Aire de covoiturage,POINT (2.46440676637393 48.8198714786218),14536
102,2.46440676637393,48.8198714786218,Missing,94042,Joinville-le-Pont,carpool,Aire de covoiturage,POINT (2.46440676637393 48.8198714786218),14661
102,2.46440676637393,48.8198714786218,Missing,94042,Joinville-le-Pont,carpool,Aire de covoiturage,POINT (2.46440676637393 48.8198714786218),14662
102,2.46440676637393,48.8198714786218,Missing,94042,Joinville-le-Pont,carpool,Aire de covoiturage,POINT (2.46440676637393 48.8198714786218),14788
103,2.4021247,48.8005331997418,Missing,94081,Vitry-sur-Seine,carpool,Aire de covoiturage,POINT (2.4021247 48.8005331997418),13656
103,2.4021247,48.8005331997418,Missing,94081,Vitry-sur-Seine,carpool,Aire de covoiturage,POINT (2.4021247 48.8005331997418),13782
103,2.4021247,48.8005331997418,Missing,94081,Vitry-sur-Seine,carpool,Aire de covoiturage,POINT (2.4021247 48.8005331997418),13783
103,2.4021247,48.8005331997418,Missing,94081,Vitry-sur-Seine,carpool,Aire de covoiturage,POINT (2.4021247 48.8005331997418),13908
104,2.0739084,49.0412092996821,Cergy - Préfecture,95127,Cergy,carpool,Aire de covoiturage,POINT (2.0739084 49.0412092996821),8967
104,2.0739084,49.0412092996821,Cergy - Préfecture,95127,Cergy,carpool,Aire de covoiturage,POINT (2.0739084 49.0412092996821),9093
104,2.0739084,49.0412092996821,Cergy - Préfecture,95127,Cergy,carpool,Aire de covoiturage,POINT (2.0739084 49.0412092996821),9094
104,2.0739084,49.0412092996821,Cergy - Préfecture,95127,Cergy,carpool,Aire de covoiturage,POINT (2.0739084 49.0412092996821),9219
104,2.0739084,49.0412092996821,Cergy - Préfecture,95127,Cergy,carpool,Aire de covoiturage,POINT (2.0739084 49.0412092996821),9220
105,1.943406,49.1578639996533,Chars - Lycée Profesionnel,95142,Chars,carpool,Aire de covoiturage,POINT (1.943406 49.1578639996533),7190
105,1.943406,49.1578639996533,Chars - Lycée Profesionnel,95142,Chars,carpool,Aire de covoiturage,POINT (1.943406 49.1578639996533),7191
105,1.943406,49.1578639996533,Chars - Lycée Profesionnel,95142,Chars,carpool,Aire de covoiturage,POINT (1.943406 49.1578639996533),7316
105,1.943406,49.1578639996533,Chars - Lycée Profesionnel,95142,Chars,carpool,Aire de covoiturage,POINT (1.943406 49.1578639996533),7317
105,1.943406,49.1578639996533,Chars - Lycée Profesionnel,95142,Chars,carpool,Aire de covoiturage,POINT (1.943406 49.1578639996533),7442
106,2.0010011,49.1198727996627,Frémécourt - Église,95254,Frémécourt,carpool,Aire de covoiturage,POINT (2.0010011 49.1198727996627),7950
106,2.0010011,49.1198727996627,Frémécourt - Église,95254,Frémécourt,carpool,Aire de covoiturage,POINT (2.0010011 49.1198727996627),7951
106,2.0010011,49.1198727996627,Frémécourt - Église,95254,Frémécourt,carpool,Aire de covoiturage,POINT (2.0010011 49.1198727996627),8076
106,2.0010011,49.1198727996627,Frémécourt - Église,95254,Frémécourt,carpool,Aire de covoiturage,POINT (2.0010011 49.1198727996627),8077
106,2.0010011,49.1198727996627,Frémécourt - Église,95254,Frémécourt,carpool,Aire de covoiturage,POINT (2.0010011 49.1198727996627),8202
106,2.0010011,49.1198727996627,Frémécourt - Église,95254,Frémécourt,carpool,Aire de covoiturage,POINT (2.0010011 49.1198727996627),8203
107,1.9803186,49.1432804996569,Marines - Place Peyron,95370,Marines,carpool,Aire de covoiturage,POINT (1.9803186 49.1432804996569),7696
107,1.9803186,49.1432804996569,Marines - Place Peyron,95370,Marines,carpool,Aire de covoiturage,POINT (1.9803186 49.1432804996569),7821
107,1.9803186,49.1432804996569,Marines - Place Peyron,95370,Marines,carpool,Aire de covoiturage,POINT (1.9803186 49.1432804996569),7822
107,1.9803186,49.1432804996569,Marines - Place Peyron,95370,Marines,carpool,Aire de covoiturage,POINT (1.9803186 49.1432804996569),7948
108,2.0757706,49.0770382996733,Osny - Oseraie,95476,Osny,carpool,Aire de covoiturage,POINT (2.0757706 49.0770382996733),8963
108,2.0757706,49.0770382996733,Osny - Oseraie,95476,Osny,carpool,Aire de covoiturage,POINT (2.0757706 49.0770382996733),9089
108,2.0757706,49.0770382996733,Osny - Oseraie,95476,Osny,carpool,Aire de covoiturage,POINT (2.0757706 49.0770382996733),9090
108,2.0757706,49.0770382996733,Osny - Oseraie,95476,Osny,carpool,Aire de covoiturage,POINT (2.0757706 49.0770382996733),9215
108,2.0757706,49.0770382996733,Osny - Oseraie,95476,Osny,carpool,Aire de covoiturage,POINT (2.0757706 49.0770382996733),9216
109,2.1003788,49.0477707996805,Pontoise - Gare-Hôtel Dieu,95500,Pontoise,carpool,Aire de covoiturage,POINT (2.1003788 49.0477707996805),9344
109,2.1003788,49.0477707996805,Pontoise - Gare-Hôtel Dieu,95500,Pontoise,carpool,Aire de covoiturage,POINT (2.1003788 49.0477707996805),9345
109,2.1003788,49.0477707996805,Pontoise - Gare-Hôtel Dieu,95500,Pontoise,carpool,Aire de covoiturage,POINT (2.1003788 49.0477707996805),9470
109,2.1003788,49.0477707996805,Pontoise - Gare-Hôtel Dieu,95500,Pontoise,carpool,Aire de covoiturage,POINT (2.1003788 49.0477707996805),9471
109,2.1003788,49.0477707996805,Pontoise - Gare-Hôtel Dieu,95500,Pontoise,carpool,Aire de covoiturage,POINT (2.1003788 49.0477707996805),9596
109,2.1003788,49.0477707996805,Pontoise - Gare-Hôtel Dieu,95500,Pontoise,carpool,Aire de covoiturage,POINT (2.1003788 49.0477707996805),9597
110,2.1001234,49.0473174996806,Missing,95500,Pontoise,carpool,Aire de covoiturage,POINT (2.1001234 49.0473174996806),9344
110,2.1001234,49.0473174996806,Missing,95500,Pontoise,carpool,Aire de covoiturage,POINT (2.1001234 49.0473174996806),9345
110,2.1001234,49.0473174996806,Missing,95500,Pontoise,carpool,Aire de covoiturage,POINT (2.1001234 49.0473174996806),9470
110,2.1001234,49.0473174996806,Missing,95500,Pontoise,carpool,Aire de covoiturage,POINT (2.1001234 49.0473174996806),9471
110,2.1001234,49.0473174996806,Missing,95500,Pontoise,carpool,Aire de covoiturage,POINT (2.1001234 49.0473174996806),9596
110,2.1001234,49.0473174996806,Missing,95500,Pontoise,carpool,Aire de covoiturage,POINT (2.1001234 49.0473174996806),9597
